cod_frases,Frase_reflexiva,data
cod_1,"""A verdadeira beleza est√° na simplicidade da alma e na sinceridade do cora√ß√£o. Cultive essas qualidades e ver√° o mundo se abrir diante de voc√™.""",2024-07-06
cod_2,"""Assim como uma semente precisa ser plantada e regada para crescer, nossos sonhos precisam de dedica√ß√£o e persist√™ncia para se realizarem. Nunca desista de regar seus sonhos com amor e a√ß√£o.""",2024-07-06
cod_3,"""N√£o h√° sonho t√£o distante que n√£o possa ser alcan√ßado com determina√ß√£o e f√©. Acredite em si mesmo e siga em frente, a jornada √© longa, mas a recompensa √© certa.""",2024-07-06
cod_4,"""Em meio √†s tempestades da vida, lembre-se que o arco-√≠ris s√≥ surge ap√≥s a chuva. Tenha f√© e perseveran√ßa, pois melhores dias sempre vir√£o.""",2024-07-06
cod_5,"""A verdadeira beleza est√° no modo como voc√™ encara a vida, nas pequenas alegrias do dia a dia e no amor que voc√™ compartilha com aqueles que te rodeiam.""",2024-07-06
cod_6,"""Que a vida te traga sempre motivos para sorrir, for√ßa para seguir em frente e amor para preencher o cora√ß√£o. Voc√™ √© capaz de alcan√ßar tudo o que deseja, basta acreditar em si mesmo.""",2024-07-06
cod_7,"""A vida √© uma jornada repleta de desafios, mas √© na supera√ß√£o deles que encontramos nossa verdadeira for√ßa e crescimento. Mantenha a f√© e siga em frente, pois cada obst√°culo √© uma oportunidade de evoluir e se tornar algu√©m ainda mais forte e resiliente.""",2024-07-06
cod_8,"""Que a luz da tua alma brilhe sempre t√£o forte que ilumine o caminho daqueles que est√£o ao teu redor, que a tua presen√ßa seja um b√°lsamo de paz e amor para todos que cruzarem o teu caminho.""",2024-07-06
cod_9,"""Que a luz da esperan√ßa ilumine sempre o seu caminho, e que a for√ßa do amor guie seus passos em dire√ß√£o √† felicidade.""",2024-07-06
cod_10,"""Que cada amanhecer seja uma nova oportunidade de ser feliz e fazer algu√©m feliz. A vida √© feita de pequenos gestos de amor e compaix√£o.""",2024-07-06
cod_11,"""Nunca subestime a for√ßa que h√° dentro de voc√™. Voc√™ √© capaz de superar todos os desafios que a vida lhe apresentar. Acredite em si mesmo e siga em frente, pois o sucesso est√° logo ali, esperando por voc√™.""",2024-07-06
cod_12,"""Que a paz e a serenidade possam sempre guiar seus passos, iluminando o caminho com amor e sabedoria.""",2024-07-06
cod_13,"""O tempo √© o melhor rem√©dio para curar feridas, a paci√™ncia √© a melhor aliada para superar desafios.""",2024-07-06
cod_14,"""Que a luz da esperan√ßa guie seus passos, iluminando o caminho em dire√ß√£o aos seus sonhos mais profundos.""",2024-07-06
cod_15,"""Que a luz da esperan√ßa ilumine seu caminho e o amor guie seus passos, tornando cada desafio em uma oportunidade de crescimento e transforma√ß√£o.""",2024-07-06
cod_16,"""Que a luz da esperan√ßa ilumine sempre o seu caminho, trazendo paz e for√ßa para enfrentar qualquer desafio que a vida possa te apresentar.""",2024-07-06
cod_17,"""A vida √© um presente precioso, valorize cada momento e cultive as boas energias ao seu redor, pois a felicidade reside nas pequenas coisas do dia a dia.""",2024-07-06
cod_18,"""Que a luz da esperan√ßa ilumine sempre o seu caminho, guiando seus passos com amor e sabedoria.""",2024-07-06
cod_19,"""Que a luz da esperan√ßa guie sempre seus passos e ilumine seu caminho, mostrando que a beleza da vida est√° em cada pequeno detalhe.""",2024-07-06
cod_20,"""A vida √© um presente precioso, ent√£o n√£o deixe de valorizar cada momento ao lado daqueles que amamos.""",2024-07-06
cod_21,"""O amor e a bondade s√£o os ingredientes essenciais para uma vida plena e feliz. Cultive-os em seu cora√ß√£o e distribua-os ao mundo ao seu redor.""",2024-07-06
cod_22,"""Que a luz da esperan√ßa sempre ilumine seu caminho, te dando for√ßas para superar os desafios e alcan√ßar seus sonhos.""",2024-07-06
cod_23,"""Que a luz da esperan√ßa ilumine sempre o teu caminho, guiando-te para a felicidade e a paz interior.""",2024-07-06
cod_24,"""A vida √© uma jornada cheia de altos e baixos, mas √© nas adversidades que encontramos for√ßa para seguir em frente e nos tornarmos quem realmente somos.""",2024-07-06
cod_25,"""A vida √© um presente precioso, aproveite cada momento com gratid√£o e amor.""",2024-07-06
cod_26,"""Dentro de voc√™ h√° uma for√ßa imensa capaz de superar qualquer desafio. Acredite no seu potencial e siga em frente com coragem e determina√ß√£o.""",2024-07-06
cod_27,"""Que a beleza da vida esteja sempre presente em seus dias, colorindo seu caminho com a luz da esperan√ßa e o brilho da gratid√£o.""",2024-07-06
cod_28,"""Que a luz da esperan√ßa ilumine sempre o caminho do seu cora√ß√£o, trazendo paz, amor e felicidade em todos os seus dias.""",2024-07-06
cod_29,"""Que a luz da esperan√ßa ilumine sempre o seu caminho, guiando seus passos rumo √† felicidade e realiza√ß√£o.""",2024-07-06
cod_30,"""Que a luz da esperan√ßa ilumine sempre o seu caminho, pois cada obst√°culo √© uma oportunidade de crescimento e supera√ß√£o. Acredite em si mesmo e siga em frente com determina√ß√£o e coragem.""",2024-07-06
cod_31,"""√Äs vezes, o que parece um obst√°culo pode ser a oportunidade perfeita para crescermos e nos tornarmos mais fortes.""",2024-07-06
cod_32,"""Que a luz da esperan√ßa e da gratid√£o ilumine sempre o seu caminho, tornando cada desafio uma oportunidade de crescimento e aprendizado.""",2024-07-06
cod_33,"""Que a luz da esperan√ßa ilumine sempre o caminho daqueles que buscam a paz interior e a felicidade verdadeira.""",2024-07-06
cod_34,"""Que a luz da esperan√ßa ilumine sempre o caminho do seu cora√ß√£o, mostrando que mesmo nos momentos mais sombrios, sempre h√° uma oportunidade de brilhar.""",2024-07-06
cod_35,"""Que a luz da esperan√ßa ilumine sempre o caminho do teu cora√ß√£o, guiando-te rumo √† felicidade e √† realiza√ß√£o dos teus sonhos.""",2024-07-06
cod_36,"""A vida √© como um livro, cada dia √© uma nova p√°gina em branco esperando para ser preenchida com momentos inesquec√≠veis e li√ß√µes valiosas. Aproveite cada oportunidade para escrever uma bela hist√≥ria.""",2024-07-06
cod_37,"""√Äs vezes, a maior sabedoria est√° em saber esperar o tempo certo para que as coisas aconte√ßam.""",2024-07-06
cod_38,"""Que a luz da esperan√ßa ilumine seu caminho e a for√ßa do amor te guie em cada passo.""",2024-07-06
cod_39,"""Que a luz da esperan√ßa ilumine seu caminho e que a for√ßa do amor te guie em todas as decis√µes.""",2024-07-06
cod_40,"""N√£o importa o qu√£o dif√≠cil seja o caminho, lembre-se que cada desafio superado te torna mais forte e resiliente. Acredite no seu potencial e nunca desista dos seus sonhos.""",2024-07-06
cod_41,"""Que a luz da esperan√ßa ilumine seu caminho, e que a for√ßa do amor te guie em todos os momentos da vida.""",2024-07-06
cod_42,"""Cada dia √© uma nova oportunidade para sermos melhores e fazermos a diferen√ßa na vida daqueles que amamos. Que possamos espalhar amor e compaix√£o por onde passarmos.""",2024-07-06
cod_43,"""Que a luz da esperan√ßa ilumine seu caminho, que a for√ßa do amor guie seus passos e que a paz interior seja sua companheira constante. Voc√™ √© capaz de superar qualquer desafio que a vida te apresentar.""",2024-07-06
cod_44,"""Que a luz da esperan√ßa ilumine sempre o seu caminho, guiando-o(a) rumo √† paz e √† felicidade.""",2024-07-06
cod_45,"""Assim como as estrelas iluminam o c√©u escuro, que a sua presen√ßa ilumine a vida daqueles ao seu redor com amor e esperan√ßa.""",2024-07-06
cod_46,"""A vida √© como uma obra de arte em constante evolu√ß√£o, onde cada experi√™ncia e desafio moldam a nossa ess√™ncia e a beleza do nosso ser.""",2024-07-06
cod_47,"""Cada desafio que enfrentamos √© uma oportunidade de crescimento e aprendizado. Tenha f√© em si mesmo e saiba que voc√™ √© capaz de superar qualquer obst√°culo que surgir em seu caminho.""",2024-07-06
cod_48,"""Que a luz da esperan√ßa ilumine sempre o seu caminho, mostrando que em toda escurid√£o h√° um brilho de supera√ß√£o e amor.""",2024-07-06
cod_49,"""A vida √© um presente precioso, n√£o desperdice seu tempo com coisas que n√£o te fazem feliz. Cultive sempre o amor, a gratid√£o e a compreens√£o em seu cora√ß√£o, e ver√° como a felicidade se manifestar√° em sua vida de forma abundante.""",2024-07-06
cod_50,"""A vida √© feita de momentos preciosos, por isso valorize cada instante ao lado daqueles que te fazem feliz.""",2024-07-06
cod_51,"""Que a jornada da vida seja repleta de aprendizados, supera√ß√µes e momentos de alegria que nos fortale√ßam e nos tornem cada vez mais gratos pela oportunidade de existir.""",2024-07-06
cod_52,"""Que a luz da esperan√ßa guie sempre seus passos, iluminando seu caminho e aquecendo seu cora√ß√£o. Voc√™ √© capaz de superar qualquer desafio que a vida colocar em seu caminho.""",2024-07-06
cod_53,"""Que a luz da esperan√ßa e da gratid√£o ilumine sempre o caminho do seu cora√ß√£o, trazendo paz e serenidade a cada passo dado.""",2024-07-06
cod_54,"""O caminho da felicidade passa por valorizar os momentos simples da vida e cultivar a gratid√£o em nosso cora√ß√£o.""",2024-07-06
cod_55,"""Que a luz da esperan√ßa guie sempre seus passos e que a for√ßa do amor esteja presente em todos os momentos da sua vida.""",2024-07-06
cod_56,"""A vida √© feita de momentos, uns mais dif√≠ceis, outros mais felizes, mas todos essenciais para o nosso crescimento. Aproveite cada instante e aprenda com cada experi√™ncia.""",2024-07-06
cod_57,"""Que a luz da esperan√ßa ilumine sempre o seu caminho, guiando-o para a paz e a felicidade que voc√™ tanto merece.""",2024-07-06
cod_58,"""Que a luz da esperan√ßa ilumine sempre o teu caminho e que a for√ßa do amor te guie em cada passo. Voc√™ √© capaz de superar todos os desafios que a vida te apresentar.""",2024-07-06
cod_59,"""Que a luz da esperan√ßa brilhe sempre em seu cora√ß√£o, iluminando seu caminho em meio √† escurid√£o. Confie no seu potencial e nunca desista dos seus sonhos.""",2024-07-06
cod_60,"""Que a luz da esperan√ßa ilumine sempre o seu caminho, mostrando que mesmo nas horas mais escuras, h√° motivos para acreditar na beleza da vida.""",2024-07-06
cod_61,"""Que a luz da esperan√ßa guie sempre seus passos e que a for√ßa do amor ilumine seu caminho.""",2024-07-06
cod_62,"""Que a luz da esperan√ßa guie seus passos e a for√ßa do amor fortale√ßa seu cora√ß√£o em todos os momentos da vida.""",2024-07-06
cod_63,"""A vida √© feita de escolhas e cada escolha molda o nosso destino. Escolha sempre com o cora√ß√£o e ver√° o caminho se iluminar diante de voc√™.""",2024-07-06
cod_64,"""Que a luz da esperan√ßa ilumine seu caminho e que a for√ßa do amor te guie em cada passo. Voc√™ √© capaz de conquistar tudo o que deseja, basta acreditar em si mesmo.""",2024-07-06
cod_65,"""A vida √© feita de ciclos, altos e baixos, e √© importante lembrar que ap√≥s a escurid√£o sempre vir√° a luz. Mantenha a esperan√ßa e a f√© no cora√ß√£o, pois dias melhores sempre est√£o por vir.""",2024-07-06
cod_66,"""Que o amor e a gratid√£o sejam sempre o combust√≠vel que guia os seus passos e ilumina o seu caminho.""",2024-07-06
cod_67,"""Que a luz da esperan√ßa ilumine sempre o seu caminho, guiando voc√™ rumo √† felicidade e √† realiza√ß√£o dos seus sonhos.""",2024-07-06
cod_68,"""Que a luz que habita dentro de voc√™ brilhe intensamente, iluminando o caminho dos que est√£o ao seu redor.""",2024-07-06
cod_69,"""A vida √© uma jornada de altos e baixos, mas √© nos momentos dif√≠ceis que descobrimos nossa for√ßa e capacidade de supera√ß√£o. Acredite no seu potencial e siga em frente, pois o melhor ainda est√° por vir.""",2024-07-06
cod_70,"""Que a luz da esperan√ßa ilumine sempre seu caminho e que a for√ßa do amor te guie em todas as decis√µes. Lembre-se, voc√™ √© capaz de superar qualquer desafio que surgir em seu caminho.""",2024-07-06
cod_71,"""A felicidade √© como uma borboleta: quanto mais voc√™ a persegue, mais ela foge. Mas se voc√™ se ocupar com outras coisas, ela pousar√° suavemente em seu ombro."" ü¶ã‚ú®",2024-07-06
cod_72,"""A cada amanhecer, renove suas esperan√ßas e acredite no poder de transforma√ß√£o que existe dentro de voc√™. Seja luz na vida de quem te cerca e espalhe amor por onde passar.""",2024-07-06
cod_73,"""Cada novo amanhecer √© uma oportunidade de recome√ßar e fazer tudo diferente. Aproveite cada momento e fa√ßa valer a pena!""",2024-07-06
cod_74,"""O amor √© a maior for√ßa do universo, capaz de transformar cora√ß√µes e iluminar caminhos. Cultive-o em seu √≠ntimo e espalhe-o ao seu redor, tornando o mundo um lugar melhor para todos.""",2024-07-06
